{"fd1": "2", "fd2": "2", "fd3": "2", "fd4": "4", "round": "382", "date": "20230330", "rownum": "554788", "setting": [{"pos": {"top": 12, "right": 18}, "size": {"height": "64px"}, "spd": 192}, {"pos": {"top": 68, "right": 18}, "size": {"width": "172px"}, "spd": 516}, {"pos": {"top": 68, "left": 16}, "size": {"height": "35px"}, "spd": 105}, {"pos": {"top": 94, "left": 16}, "size": {"width": "172px"}, "spd": 516}, {"pos": {"top": 94, "right": 18}, "size": {"height": "35px"}, "spd": 105}, {"pos": {"top": 120, "right": 18}, "size": {"width": "172px"}, "spd": 516}, {"pos": {"top": 120, "left": 16}, "size": {"height": "35px"}, "spd": 105}, {"pos": {"top": 146, "left": 16}, "size": {"width": "172px"}, "spd": 516}, {"pos": {"top": 146, "right": 18}, "size": {"height": "64px"}, "spd": 192}]}