{"fd1": "2", "fd2": "1", "fd3": "1", "fd4": "3", "round": "382", "date": "20230330", "rownum": "19647", "setting": [{"pos": {"top": 12, "right": 18}, "size": {"height": "79px"}, "spd": 237}, {"pos": {"top": 82, "right": 18}, "size": {"width": "172px"}, "spd": 516}, {"pos": {"top": 82, "left": 16}, "size": {"height": "35px"}, "spd": 105}, {"pos": {"top": 108, "left": 16}, "size": {"width": "172px"}, "spd": 516}, {"pos": {"top": 108, "right": 18}, "size": {"height": "35px"}, "spd": 105}, {"pos": {"top": 134, "right": 18}, "size": {"width": "172px"}, "spd": 516}, {"pos": {"top": 134, "left": 16}, "size": {"height": "79px"}, "spd": 237}]}